{
    "BaseColor": {
        "r": 0.250980406999588,
        "g": 0.250980406999588,
        "b": 0.250980406999588,
        "a": 1.0
    },
    "TextColor": {
        "r": 0.8999999761581421,
        "g": 0.8999999761581421,
        "b": 0.8999999761581421,
        "a": 1.0
    },
    "DarkTextColor": {
        "r": 0.6000000238418579,
        "g": 0.6000000238418579,
        "b": 0.6000000238418579,
        "a": 1.0
    },
    "AccentColor": {
        "r": 0.3764706254005432,
        "g": 0.3764706254005432,
        "b": 0.3764706254005432,
        "a": 1.0
    },
    "AccentLightnessFactor": 1.5,
    "ThemeColor": {
        "r": 1.0,
        "g": 0.3764705955982208,
        "b": 0.7529411911964417,
        "a": 1.0
    },
    "PressedBrightness": 0.20000000298023225,
    "DisabledSaturation": 0.30000001192092898,
    "SelectedHueShift": 0.5,
    "ButtonColor": {
        "r": 0.250980406999588,
        "g": 0.250980406999588,
        "b": 0.250980406999588,
        "a": 1.0
    },
    "ButtonHighlightColor": {
        "r": 1.0,
        "g": 0.37647056579589846,
        "b": 0.7529410719871521,
        "a": 1.0
    },
    "ButtonPressedColor": {
        "r": 1.0,
        "g": 0.7764705419540405,
        "b": 0.9114316701889038,
        "a": 1.0
    },
    "ButtonDisabledColor": {
        "r": 0.7817646861076355,
        "g": 0.5947058796882629,
        "b": 0.7076470255851746,
        "a": 1.0
    },
    "ButtonSelectedColor": {
        "r": 0.37647056579589846,
        "g": 1.0,
        "b": 0.6235294342041016,
        "a": 1.0
    },
    "SliderColor": {
        "r": 0.3764706254005432,
        "g": 0.3764706254005432,
        "b": 0.3764706254005432,
        "a": 1.0
    },
    "SliderHighlightColor": {
        "r": 1.0,
        "g": 0.37647056579589846,
        "b": 0.7529410719871521,
        "a": 1.0
    },
    "SliderPressedColor": {
        "r": 1.0,
        "g": 0.7764705419540405,
        "b": 0.9114316701889038,
        "a": 1.0
    },
    "SliderDisabledColor": {
        "r": 0.7817646861076355,
        "g": 0.5947058796882629,
        "b": 0.7076470255851746,
        "a": 1.0
    },
    "SliderFillColor": {
        "r": 0.250980406999588,
        "g": 0.250980406999588,
        "b": 0.250980406999588,
        "a": 1.0
    },
    "SliderSelectedColor": {
        "r": 0.37647056579589846,
        "g": 1.0,
        "b": 0.6235294342041016,
        "a": 1.0
    },
    "ToggleColor": {
        "r": 0.250980406999588,
        "g": 0.250980406999588,
        "b": 0.250980406999588,
        "a": 1.0
    },
    "ToggleHighlightColor": {
        "r": 1.0,
        "g": 0.37647056579589846,
        "b": 0.7529410719871521,
        "a": 1.0
    },
    "TogglePressedColor": {
        "r": 1.0,
        "g": 0.7764705419540405,
        "b": 0.9114316701889038,
        "a": 1.0
    },
    "ToggleDisabledColor": {
        "r": 0.7817646861076355,
        "g": 0.5947058796882629,
        "b": 0.7076470255851746,
        "a": 1.0
    },
    "ToggleSelectedColor": {
        "r": 0.37647056579589846,
        "g": 1.0,
        "b": 0.6235294342041016,
        "a": 1.0
    },
    "DropdownColor": {
        "r": 0.250980406999588,
        "g": 0.250980406999588,
        "b": 0.250980406999588,
        "a": 1.0
    },
    "DropdownHighlightColor": {
        "r": 1.0,
        "g": 0.37647056579589846,
        "b": 0.7529410719871521,
        "a": 1.0
    },
    "DropdownPressedColor": {
        "r": 1.0,
        "g": 0.7764705419540405,
        "b": 0.9114316701889038,
        "a": 1.0
    },
    "DropdownDisabledColor": {
        "r": 0.7817646861076355,
        "g": 0.5947058796882629,
        "b": 0.7076470255851746,
        "a": 1.0
    },
    "DropdownSelectedColor": {
        "r": 0.37647056579589846,
        "g": 1.0,
        "b": 0.6235294342041016,
        "a": 1.0
    },
    "InputFieldColor": {
        "r": 0.250980406999588,
        "g": 0.250980406999588,
        "b": 0.250980406999588,
        "a": 1.0
    },
    "InputFieldHighlightColor": {
        "r": 1.0,
        "g": 0.37647056579589846,
        "b": 0.7529410719871521,
        "a": 1.0
    },
    "InputFieldPressedColor": {
        "r": 1.0,
        "g": 0.7764705419540405,
        "b": 0.9114316701889038,
        "a": 1.0
    },
    "InputFieldDisabledColor": {
        "r": 0.7817646861076355,
        "g": 0.5947058796882629,
        "b": 0.7076470255851746,
        "a": 1.0
    },
    "InputFieldSelectedColor": {
        "r": 0.37647056579589846,
        "g": 1.0,
        "b": 0.6235294342041016,
        "a": 1.0
    },
    "ScrollbarColor": {
        "r": 0.3764706254005432,
        "g": 0.3764706254005432,
        "b": 0.3764706254005432,
        "a": 1.0
    },
    "ScrollbarHighlightColor": {
        "r": 1.0,
        "g": 0.37647056579589846,
        "b": 0.7529410719871521,
        "a": 1.0
    },
    "ScrollbarPressedColor": {
        "r": 1.0,
        "g": 0.7764705419540405,
        "b": 0.9114316701889038,
        "a": 1.0
    },
    "ScrollbarDisabledColor": {
        "r": 0.7817646861076355,
        "g": 0.5947058796882629,
        "b": 0.7076470255851746,
        "a": 1.0
    },
    "ScrollbarSelectedColor": {
        "r": 0.37647056579589846,
        "g": 1.0,
        "b": 0.6235294342041016,
        "a": 1.0
    },
    "ScrollbarImageColor": {
        "r": 0.250980406999588,
        "g": 0.250980406999588,
        "b": 0.250980406999588,
        "a": 1.0
    },
    "ScrollRectColor": {
        "r": 0.250980406999588,
        "g": 0.250980406999588,
        "b": 0.250980406999588,
        "a": 1.0
    }
}